Differential gene expression between A. xiloaensis (positive log2FoldChange) and A. sagittae (negative log2FoldChange) from CL Xiloá;;;;;;;;
gene_id;baseMean;log2FoldChange;lfcSE;stat;pvalue;padj;annotation;
MSTRG.36645;496.727.337.662.584;-245.291.879.329.106;299.058.867.650.594;-820.212.693.427.612;2,36E-03;1,68E+02;Programmed cell death 1 ligand 1; Programmed cell death 1 ligand 1 {ECO:0000303|PubMed:28813417}
MSTRG.37416;713.947.958.337.985;-411.114.080.723.397;0.805202302880336;-510.572.410.502.028;3,30E+07;0.000242681938901887;Myelin-oligodendrocyte glycoprotein;
MSTRG.9321;555.950.829.019.725;0.772664150381457;0.156884242076928;492.505.901.263.545;8,43E+07;0.000461830880644665;Mucosa-associated lymphoid tissue lymphoma translocation protein 1 homolog; Mucosa-associated lymphoid tissue lymphoma translocation protein 1 {ECO:0000305}
MSTRG.39679;204.831.857.343.377;183.988.546.577.872;0.417526512498883;440.663.146.099.889;1,05E+09;0.00315814676105225;V-set domain-containing T-cell activation inhibitor 1; V-set domain containing T-cell activation inhibitor 1
MSTRG.36632;311.765.019.633.507;-285.094.917.513.077;0.652072774441147;-437.213.342.877.894;1,23E+09;0.00344044153090371;NLR family CARD domain-containing protein 3; NACHT, LRR and PYD domains-containing protein 3
MSTRG.52763;304.671.472.358.491;-116.417.498.304.166;0.280980177071505;-414.326.375.324.833;3,42E+09;0.00681879422763482;HERV-H LTR-associating protein 2;
MSTRG.41624;609.767.011.669.482;131.165.023.439.262;0.32496260708464;403.631.127.334.901;5,43E+09;0.00913606785850245;Interleukin-6 receptor subunit beta {ECO:0000305};
